{
  "results": [
    {
      "command": "maude noBuses.maude",
      "mean": 0.06595567094857142,
      "stddev": 0.0032307441399499325,
      "median": 0.06553486302,
      "user": 0.051687788571428576,
      "system": 0.005908185714285716,
      "min": 0.06018470252,
      "max": 0.07457784652,
      "times": [
        0.06989195352,
        0.06684133352,
        0.061156694520000006,
        0.06655771052,
        0.06358549052,
        0.06387145552,
        0.06629447651999999,
        0.06420947952,
        0.06189879752,
        0.06156548352,
        0.07005729152,
        0.060881028520000005,
        0.06018470252,
        0.06451530152,
        0.06998160952,
        0.07229698952,
        0.06880652552,
        0.06469069152,
        0.06648743452,
        0.06432593952,
        0.07006531652,
        0.06644030252,
        0.06502965552,
        0.06659049352,
        0.06808287051999999,
        0.06149586252000001,
        0.06840219852,
        0.06443492252,
        0.06917770252,
        0.06545717751999999,
        0.06846903452,
        0.06850049552,
        0.06575149052,
        0.06385095752,
        0.06332897952,
        0.06324159552,
        0.07005680152,
        0.06561254852,
        0.07457784652,
        0.06397626152,
        0.06403963052,
        0.06545564652
      ],
      "exit_codes": [
        0,
        0,
        0,
        0,
        0,
        0,
        0,
        0,
        0,
        0,
        0,
        0,
        0,
        0,
        0,
        0,
        0,
        0,
        0,
        0,
        0,
        0,
        0,
        0,
        0,
        0,
        0,
        0,
        0,
        0,
        0,
        0,
        0,
        0,
        0,
        0,
        0,
        0,
        0,
        0,
        0,
        0
      ],
      "parameters": {
        "file": "noBuses.maude"
      }
    },
    {
      "command": "maude oneBus.maude",
      "mean": 0.24981170397454547,
      "stddev": 0.006872829212449542,
      "median": 0.24766931552000002,
      "user": 0.23330299636363636,
      "system": 0.00812010909090909,
      "min": 0.24148940952000003,
      "max": 0.26179395552,
      "times": [
        0.26130323552,
        0.25482873652,
        0.25133695952,
        0.24373992752,
        0.24503167952000002,
        0.24766931552000002,
        0.24453035952000002,
        0.26179395552,
        0.24712002552000004,
        0.24148940952000003,
        0.24908513952000003
      ],
      "exit_codes": [
        0,
        0,
        0,
        0,
        0,
        0,
        0,
        0,
        0,
        0,
        0
      ],
      "parameters": {
        "file": "oneBus.maude"
      }
    },
    {
      "command": "maude twoBuses.maude",
      "mean": 5.32775947792,
      "stddev": 0.09746956102491428,
      "median": 5.3323394865200004,
      "user": 5.25396296,
      "system": 0.0621189,
      "min": 5.17866410252,
      "max": 5.43996520652,
      "times": [
        5.23864177352,
        5.20416190452,
        5.17866410252,
        5.4320891835200005,
        5.29130882952,
        5.324326339520001,
        5.34035263352,
        5.40425060852,
        5.43996520652,
        5.423834197520001
      ],
      "exit_codes": [
        0,
        0,
        0,
        0,
        0,
        0,
        0,
        0,
        0,
        0
      ],
      "parameters": {
        "file": "twoBuses.maude"
      }
    },
    {
      "command": "maude threeBuses.maude",
      "mean": 73.20764888141998,
      "stddev": 0.7868353521297661,
      "median": 73.05331111752,
      "user": 72.38673716000001,
      "system": 0.7992671,
      "min": 72.15410960052,
      "max": 74.42954596252,
      "times": [
        72.40517444551999,
        73.81831113551999,
        74.42954596252,
        73.22732742052,
        72.15410960052,
        74.41834058052,
        72.88637028651999,
        73.01991174352,
        73.08671049152,
        72.63068714751999
      ],
      "exit_codes": [
        0,
        0,
        0,
        0,
        0,
        0,
        0,
        0,
        0,
        0
      ],
      "parameters": {
        "file": "threeBuses.maude"
      }
    }
  ]
}
