{
  "results": [
    {
      "command": "maude noBuses.maude",
      "mean": 0.06755448128051282,
      "stddev": 0.004133251531345006,
      "median": 0.06627940446000001,
      "user": 0.05244231076923077,
      "system": 0.006671996923076922,
      "min": 0.06310810046000001,
      "max": 0.08112560546000001,
      "times": [
        0.07467442046,
        0.07614777046000001,
        0.07492357646,
        0.07346325846000001,
        0.08112560546000001,
        0.06392728746000001,
        0.06834088946000001,
        0.06685869946,
        0.06627940446000001,
        0.06639745446,
        0.06633100046000001,
        0.06441888646,
        0.06578652146000001,
        0.06660672746,
        0.06445010746,
        0.06666623046,
        0.06709124546,
        0.06545394746000001,
        0.06555361346000001,
        0.07272243146000001,
        0.06939200846,
        0.06346265646,
        0.06608569346000001,
        0.06745685146000001,
        0.06967635046000001,
        0.06607784546,
        0.06433796546000001,
        0.06538135146,
        0.06384666346000001,
        0.07312594846,
        0.06310810046000001,
        0.06525592646,
        0.06605384246000001,
        0.06581172846000001,
        0.06427232246,
        0.07053857746,
        0.06353791546000001,
        0.06344290746,
        0.06654103646000001
      ],
      "exit_codes": [
        0,
        0,
        0,
        0,
        0,
        0,
        0,
        0,
        0,
        0,
        0,
        0,
        0,
        0,
        0,
        0,
        0,
        0,
        0,
        0,
        0,
        0,
        0,
        0,
        0,
        0,
        0,
        0,
        0,
        0,
        0,
        0,
        0,
        0,
        0,
        0,
        0,
        0,
        0
      ],
      "parameters": {
        "file": "noBuses.maude"
      }
    },
    {
      "command": "maude oneBus.maude",
      "mean": 0.27747953536000003,
      "stddev": 0.004147259894780015,
      "median": 0.27720177346,
      "user": 0.25769958000000004,
      "system": 0.009286332,
      "min": 0.27254057846,
      "max": 0.28777077546,
      "times": [
        0.28777077546,
        0.27477356446,
        0.27686586546,
        0.27254057846,
        0.27848942946,
        0.27862620146,
        0.27761067246000004,
        0.27696091446000004,
        0.27371471946000003,
        0.27744263246
      ],
      "exit_codes": [
        0,
        0,
        0,
        0,
        0,
        0,
        0,
        0,
        0,
        0
      ],
      "parameters": {
        "file": "oneBus.maude"
      }
    },
    {
      "command": "maude twoBuses.maude",
      "mean": 3.0076059735599996,
      "stddev": 0.02809166116583001,
      "median": 2.9977859869600003,
      "user": 2.96617228,
      "system": 0.027964635999999998,
      "min": 2.96833497946,
      "max": 3.05438427746,
      "times": [
        3.0273329954599997,
        2.99361757846,
        2.99616065546,
        2.96833497946,
        3.04956299946,
        2.9887186624599997,
        2.99941131846,
        3.05438427746,
        3.01216604546,
        2.98637022346
      ],
      "exit_codes": [
        0,
        0,
        0,
        0,
        0,
        0,
        0,
        0,
        0,
        0
      ],
      "parameters": {
        "file": "twoBuses.maude"
      }
    },
    {
      "command": "maude threeBuses.maude",
      "mean": 27.45328304936,
      "stddev": 0.21647386893479836,
      "median": 27.42945047346,
      "user": 27.215359679999995,
      "system": 0.22022544000000002,
      "min": 27.106911909460003,
      "max": 27.893594432460002,
      "times": [
        27.42605277846,
        27.47574956946,
        27.41109729746,
        27.106911909460003,
        27.43009285346,
        27.196697479460003,
        27.63095975546,
        27.893594432460002,
        27.428808093460002,
        27.532866324460002
      ],
      "exit_codes": [
        0,
        0,
        0,
        0,
        0,
        0,
        0,
        0,
        0,
        0
      ],
      "parameters": {
        "file": "threeBuses.maude"
      }
    }
  ]
}
