{
  "results": [
    {
      "command": "maude noBuses.maude",
      "mean": 0.06047859184382978,
      "stddev": 0.002811589904420332,
      "median": 0.06073687078,
      "user": 0.04794384127659574,
      "system": 0.005881778723404256,
      "min": 0.055123096780000005,
      "max": 0.06702224778000002,
      "times": [
        0.06235845178,
        0.05917938678,
        0.061638441780000004,
        0.06073687078,
        0.060815418780000005,
        0.05894250578,
        0.056522736780000006,
        0.057032772780000004,
        0.05579043278,
        0.055910432780000005,
        0.06049869478,
        0.06171694478,
        0.05995708478,
        0.060092533780000006,
        0.06124009178,
        0.05935896278,
        0.056703776780000006,
        0.06543038578000002,
        0.061362018780000006,
        0.06702224778000002,
        0.06009520278,
        0.06279272078,
        0.05854282878,
        0.06015724578,
        0.05922859978,
        0.05721963378,
        0.05966844978,
        0.06211661778,
        0.05846166078,
        0.056404593780000005,
        0.055123096780000005,
        0.06180566978000001,
        0.06231903178,
        0.06254927978000001,
        0.06377137478000001,
        0.061271162780000006,
        0.061222601780000004,
        0.05978234778,
        0.06307713378000002,
        0.06161820978000001,
        0.06599948178000001,
        0.06143086778,
        0.06603097478000002,
        0.058764900780000004,
        0.06365256278,
        0.056190685780000006,
        0.060886687780000004
      ],
      "exit_codes": [
        0,
        0,
        0,
        0,
        0,
        0,
        0,
        0,
        0,
        0,
        0,
        0,
        0,
        0,
        0,
        0,
        0,
        0,
        0,
        0,
        0,
        0,
        0,
        0,
        0,
        0,
        0,
        0,
        0,
        0,
        0,
        0,
        0,
        0,
        0,
        0,
        0,
        0,
        0,
        0,
        0,
        0,
        0,
        0,
        0,
        0,
        0
      ],
      "parameters": {
        "file": "noBuses.maude"
      }
    },
    {
      "command": "maude oneBus.maude",
      "mean": 0.24244963111333337,
      "stddev": 0.01292071639427601,
      "median": 0.24080767878000003,
      "user": 0.22922690333333332,
      "system": 0.004947116666666667,
      "min": 0.22873998078000002,
      "max": 0.27471171878,
      "times": [
        0.23330177378,
        0.23254136678,
        0.22873998078000002,
        0.22910349778,
        0.27471171878,
        0.24119965878000002,
        0.23595905778,
        0.24041569878000002,
        0.24678992878,
        0.24339018878000002,
        0.24918923678,
        0.25405346578
      ],
      "exit_codes": [
        0,
        0,
        0,
        0,
        0,
        0,
        0,
        0,
        0,
        0,
        0,
        0
      ],
      "parameters": {
        "file": "oneBus.maude"
      }
    },
    {
      "command": "maude twoBuses.maude",
      "mean": 2.58163449378,
      "stddev": 0.03380830579033471,
      "median": 2.5752614122800006,
      "user": 2.5428976199999997,
      "system": 0.0269175,
      "min": 2.53524866478,
      "max": 2.63574683078,
      "times": [
        2.6133366727800005,
        2.55001285378,
        2.6103708177800002,
        2.5821640027800004,
        2.56305282478,
        2.5683588217800004,
        2.60936719178,
        2.53524866478,
        2.63574683078,
        2.5486862567800004
      ],
      "exit_codes": [
        0,
        0,
        0,
        0,
        0,
        0,
        0,
        0,
        0,
        0
      ],
      "parameters": {
        "file": "twoBuses.maude"
      }
    },
    {
      "command": "maude threeBuses.maude",
      "mean": 22.71852347408,
      "stddev": 0.8227945601957618,
      "median": 22.47989355728,
      "user": 22.43761882,
      "system": 0.26690939999999996,
      "min": 22.233967301779998,
      "max": 24.97727352978,
      "times": [
        22.59936058278,
        22.233967301779998,
        22.37028705478,
        22.27732359478,
        22.96469991878,
        22.24466863478,
        22.55786700878,
        22.50444492778,
        22.45534218678,
        24.97727352978
      ],
      "exit_codes": [
        0,
        0,
        0,
        0,
        0,
        0,
        0,
        0,
        0,
        0
      ],
      "parameters": {
        "file": "threeBuses.maude"
      }
    }
  ]
}
