{
  "results": [
    {
      "command": "maude noBuses.maude",
      "mean": 0.02843578745058823,
      "stddev": 0.001999227966445147,
      "median": 0.028108003980000004,
      "user": 0.021158285294117653,
      "system": 0.0024068117647058824,
      "min": 0.027274300980000003,
      "max": 0.04354140398,
      "times": [
        0.04354140398,
        0.027975848980000002,
        0.028270748980000003,
        0.02847822498,
        0.028193786980000003,
        0.027896407980000003,
        0.027996141980000003,
        0.028808321980000003,
        0.028281592980000003,
        0.028082515980000004,
        0.029297102980000003,
        0.028868113980000002,
        0.028702751980000003,
        0.028761765980000003,
        0.028514024980000004,
        0.027794408980000004,
        0.028098835980000004,
        0.02849962698,
        0.028422877980000004,
        0.02859066098,
        0.028227448980000003,
        0.028665999980000002,
        0.02844174798,
        0.028803079980000004,
        0.028522955980000004,
        0.02860170198,
        0.02819250498,
        0.028293916980000004,
        0.02769038898,
        0.027886823980000003,
        0.027718313980000003,
        0.02811717198,
        0.027765230980000003,
        0.028581592980000004,
        0.028121255980000003,
        0.027707114980000003,
        0.027501326980000004,
        0.027771294980000003,
        0.027448190980000002,
        0.027446595980000002,
        0.028470842980000004,
        0.028215888980000003,
        0.029156295980000003,
        0.027316960980000003,
        0.02886715998,
        0.02786600498,
        0.027953780980000002,
        0.027854642980000004,
        0.027681190980000003,
        0.028037359980000003,
        0.02781638998,
        0.03288750098,
        0.028758427980000004,
        0.027877211980000004,
        0.027892885980000004,
        0.028420640980000002,
        0.028521146980000002,
        0.027534133980000004,
        0.027274300980000003,
        0.028072545980000002,
        0.027630244980000003,
        0.028499467980000002,
        0.02761111998,
        0.028015197980000003,
        0.02738380698,
        0.027690090980000002,
        0.027728913980000002,
        0.028019563980000002
      ],
      "exit_codes": [
        0,
        0,
        0,
        0,
        0,
        0,
        0,
        0,
        0,
        0,
        0,
        0,
        0,
        0,
        0,
        0,
        0,
        0,
        0,
        0,
        0,
        0,
        0,
        0,
        0,
        0,
        0,
        0,
        0,
        0,
        0,
        0,
        0,
        0,
        0,
        0,
        0,
        0,
        0,
        0,
        0,
        0,
        0,
        0,
        0,
        0,
        0,
        0,
        0,
        0,
        0,
        0,
        0,
        0,
        0,
        0,
        0,
        0,
        0,
        0,
        0,
        0,
        0,
        0,
        0,
        0,
        0,
        0
      ],
      "parameters": {
        "file": "noBuses.maude"
      }
    },
    {
      "command": "maude oneBus.maude",
      "mean": 0.12085522752166668,
      "stddev": 0.0017487196196323046,
      "median": 0.12059883498,
      "user": 0.11115655,
      "system": 0.0049611583333333325,
      "min": 0.11819163598,
      "max": 0.12523051498,
      "times": [
        0.12314078198,
        0.11961329098000001,
        0.12155237398,
        0.12087817798,
        0.11944737098000001,
        0.12523051498,
        0.12100676298,
        0.11819163598,
        0.11976162798000001,
        0.12426217598,
        0.11962181598,
        0.12126808298000001,
        0.11984132398000001,
        0.11941905698000001,
        0.12027020398,
        0.12192487698,
        0.11890979998000001,
        0.12282586698,
        0.11969491398000001,
        0.11870844798,
        0.12134994598,
        0.12121369098000001,
        0.12207322798,
        0.12031949198
      ],
      "exit_codes": [
        0,
        0,
        0,
        0,
        0,
        0,
        0,
        0,
        0,
        0,
        0,
        0,
        0,
        0,
        0,
        0,
        0,
        0,
        0,
        0,
        0,
        0,
        0,
        0
      ],
      "parameters": {
        "file": "oneBus.maude"
      }
    },
    {
      "command": "maude twoBuses.maude",
      "mean": 1.2803598466800001,
      "stddev": 0.01304017138702338,
      "median": 1.27796478448,
      "user": 1.2669020999999998,
      "system": 0.008014379999999998,
      "min": 1.26629357498,
      "max": 1.30138289198,
      "times": [
        1.28540561698,
        1.30046657598,
        1.30138289198,
        1.28259802198,
        1.26854366898,
        1.26898711498,
        1.27333154698,
        1.27026512898,
        1.28632432498,
        1.26629357498
      ],
      "exit_codes": [
        0,
        0,
        0,
        0,
        0,
        0,
        0,
        0,
        0,
        0
      ],
      "parameters": {
        "file": "twoBuses.maude"
      }
    },
    {
      "command": "maude threeBuses.maude",
      "mean": 12.38356324918,
      "stddev": 0.1202981927406805,
      "median": 12.36794856098,
      "user": 12.306413799999998,
      "system": 0.0700104,
      "min": 12.218639657979999,
      "max": 12.63616617798,
      "times": [
        12.36538606498,
        12.338264875979998,
        12.218639657979999,
        12.437185871979999,
        12.25449674998,
        12.39639530098,
        12.37051105698,
        12.49778592998,
        12.32080080498,
        12.63616617798
      ],
      "exit_codes": [
        0,
        0,
        0,
        0,
        0,
        0,
        0,
        0,
        0,
        0
      ],
      "parameters": {
        "file": "threeBuses.maude"
      }
    }
  ]
}
