{
  "results": [
    {
      "command": "maude noBuses.maude",
      "mean": 0.06339246848697673,
      "stddev": 0.00382244892520137,
      "median": 0.06217879558000001,
      "user": 0.04994637860465116,
      "system": 0.006802852558139534,
      "min": 0.05785532358,
      "max": 0.07283338858,
      "times": [
        0.06838548858000001,
        0.06795554158000001,
        0.062162874580000006,
        0.05785532358,
        0.06722234458000001,
        0.06116299958,
        0.058176608580000004,
        0.06344723458000001,
        0.06939726458,
        0.06396584558000001,
        0.061371110580000006,
        0.06198581258,
        0.06074424458,
        0.06136954558,
        0.06785456158000001,
        0.06490991758,
        0.07283338858,
        0.05938037358,
        0.06109586258,
        0.06836879758000002,
        0.059580731580000004,
        0.07132434858000002,
        0.06020134558,
        0.058063997580000005,
        0.060386322580000006,
        0.05977172058,
        0.06115067558,
        0.06229041458,
        0.06122707958,
        0.06603908658,
        0.06436983458000001,
        0.06217879558000001,
        0.06306251358000001,
        0.06628122958,
        0.06231454058,
        0.061861939580000004,
        0.06207264558000001,
        0.05902329558,
        0.06399686458,
        0.060195223580000005,
        0.07197335658000001,
        0.06414966958000001,
        0.06471537258000001
      ],
      "exit_codes": [
        0,
        0,
        0,
        0,
        0,
        0,
        0,
        0,
        0,
        0,
        0,
        0,
        0,
        0,
        0,
        0,
        0,
        0,
        0,
        0,
        0,
        0,
        0,
        0,
        0,
        0,
        0,
        0,
        0,
        0,
        0,
        0,
        0,
        0,
        0,
        0,
        0,
        0,
        0,
        0,
        0,
        0,
        0
      ],
      "parameters": {
        "file": "noBuses.maude"
      }
    },
    {
      "command": "maude oneBus.maude",
      "mean": 0.2778369281254546,
      "stddev": 0.0058090807775988285,
      "median": 0.27973305458000003,
      "user": 0.26123823272727276,
      "system": 0.006380774545454546,
      "min": 0.26633059558000005,
      "max": 0.28564892058,
      "times": [
        0.26633059558000005,
        0.27094027458000003,
        0.27973305458000003,
        0.28052410758,
        0.28218133658000005,
        0.27099354158000005,
        0.28110549858000006,
        0.27979576358,
        0.28564892058,
        0.27963153358000004,
        0.27932158258000006
      ],
      "exit_codes": [
        0,
        0,
        0,
        0,
        0,
        0,
        0,
        0,
        0,
        0,
        0
      ],
      "parameters": {
        "file": "oneBus.maude"
      }
    },
    {
      "command": "maude twoBuses.maude",
      "mean": 2.99452940798,
      "stddev": 0.023486051866455127,
      "median": 2.9970025205799997,
      "user": 2.95550916,
      "system": 0.025936278,
      "min": 2.96036138658,
      "max": 3.04162868958,
      "times": [
        2.98824450858,
        2.9652619685799997,
        2.96036138658,
        2.99610440158,
        3.0015238255799996,
        3.01003992958,
        2.97855958958,
        3.00566914058,
        2.9979006395799996,
        3.04162868958
      ],
      "exit_codes": [
        0,
        0,
        0,
        0,
        0,
        0,
        0,
        0,
        0,
        0
      ],
      "parameters": {
        "file": "twoBuses.maude"
      }
    },
    {
      "command": "maude threeBuses.maude",
      "mean": 28.091479987580005,
      "stddev": 1.0489453780959,
      "median": 27.50465568858,
      "user": 27.840410159999998,
      "system": 0.23006832,
      "min": 27.19396870758,
      "max": 29.616561678580002,
      "times": [
        27.44648767958,
        27.54963610858,
        27.19396870758,
        27.21850647358,
        27.45967526858,
        27.39343394758,
        27.89593355758,
        29.616561678580002,
        29.54800790158,
        29.59258855258
      ],
      "exit_codes": [
        0,
        0,
        0,
        0,
        0,
        0,
        0,
        0,
        0,
        0
      ],
      "parameters": {
        "file": "threeBuses.maude"
      }
    }
  ]
}
