{
  "results": [
    {
      "command": "maude noBuses.maude",
      "mean": 0.027619467983461536,
      "stddev": 0.0004481634738500473,
      "median": 0.027646023820000004,
      "user": 0.02161270153846154,
      "system": 0.001638446923076923,
      "min": 0.02633187382,
      "max": 0.028531407820000004,
      "times": [
        0.02827506382,
        0.027968623820000003,
        0.027853431820000003,
        0.02780361182,
        0.02758807182,
        0.027446501820000004,
        0.027881908820000002,
        0.027821260820000002,
        0.02768057482,
        0.02757078182,
        0.02776971782,
        0.02766998882,
        0.027953464820000003,
        0.027468499820000002,
        0.027475110820000002,
        0.028004681820000002,
        0.02777008782,
        0.028081377820000003,
        0.027864116820000003,
        0.02830319682,
        0.02748645682,
        0.028461685820000002,
        0.027899375820000002,
        0.027720418820000002,
        0.028531407820000004,
        0.02731200182,
        0.026967976820000003,
        0.02714972682,
        0.02734569582,
        0.027547101820000003,
        0.02804943182,
        0.02696183782,
        0.026989031820000002,
        0.02780870082,
        0.027038188820000003,
        0.027690605820000002,
        0.02813684782,
        0.028061123820000002,
        0.027670764820000002,
        0.027547622820000003,
        0.02840576782,
        0.027642692820000002,
        0.027871519820000003,
        0.027445309820000003,
        0.027554558820000002,
        0.027765765820000003,
        0.027660375820000003,
        0.026820116820000003,
        0.027789995820000003,
        0.02734925082,
        0.027649354820000003,
        0.02720001982,
        0.02799450782,
        0.02793749082,
        0.02687746682,
        0.02709722082,
        0.02755647982,
        0.028460543820000003,
        0.02832173982,
        0.02830220982,
        0.02739707882,
        0.02706395882,
        0.027296217820000003,
        0.026919556820000003,
        0.02728935982,
        0.027632843820000003,
        0.02633187382,
        0.027327212820000002,
        0.02713663082,
        0.027420656820000004,
        0.02637973382,
        0.02753409282,
        0.02795417382,
        0.027808425820000003,
        0.02763929982,
        0.027454075820000003,
        0.02793308882,
        0.027768916820000003,
        0.02761742982,
        0.027340816820000002,
        0.028380668820000003,
        0.028194382820000002,
        0.02785543482,
        0.027689846820000003,
        0.027557280820000002,
        0.028230456820000003,
        0.02779889282,
        0.027311536820000003,
        0.027882996820000002,
        0.02701149882,
        0.02781952482,
        0.027944883820000002,
        0.02782801282,
        0.02838593882,
        0.027369107820000002,
        0.027259642820000003,
        0.027449396820000003,
        0.027270367820000002,
        0.026396880820000003,
        0.027555795820000003,
        0.027522679820000003,
        0.02688722882,
        0.027552862820000003,
        0.02769543882
      ],
      "exit_codes": [
        0,
        0,
        0,
        0,
        0,
        0,
        0,
        0,
        0,
        0,
        0,
        0,
        0,
        0,
        0,
        0,
        0,
        0,
        0,
        0,
        0,
        0,
        0,
        0,
        0,
        0,
        0,
        0,
        0,
        0,
        0,
        0,
        0,
        0,
        0,
        0,
        0,
        0,
        0,
        0,
        0,
        0,
        0
      ],
      "parameters": {
        "file": "noBuses.maude"
      }
    },
    {
      "command": "maude oneBus.maude",
      "mean": 0.120286306445,
      "stddev": 0.0016314111902173561,
      "median": 0.12003545232000001,
      "user": 0.111244365,
      "system": 0.004446014999999999,
      "min": 0.11685337082000001,
      "max": 0.12572313282,
      "times": [
        0.11966441682000001,
        0.12572313282,
        0.12009149682,
        0.11963547282,
        0.11997940782000001,
        0.12159065482,
        0.11918341782000001,
        0.11989986282000001,
        0.11943338082000002,
        0.12125018582000001,
        0.12065670282000002,
        0.12125259082,
        0.12121402682000001,
        0.11806537082000002,
        0.11901142682000002,
        0.11976141082000001,
        0.12081755782,
        0.12113925582000001,
        0.11907945082000002,
        0.12059961082000001,
        0.11685337082000001,
        0.12132807382000001,
        0.12126589582000001,
        0.11937518082000001
      ],
      "exit_codes": [
        0,
        0,
        0,
        0,
        0,
        0,
        0,
        0,
        0,
        0,
        0,
        0,
        0,
        0,
        0,
        0,
        0,
        0,
        0,
        0,
        0,
        0,
        0,
        0
      ],
      "parameters": {
        "file": "oneBus.maude"
      }
    },
    {
      "command": "maude twoBuses.maude",
      "mean": 1.27934266722,
      "stddev": 0.007763795429099026,
      "median": 1.27887413532,
      "user": 1.26540614,
      "system": 0.007972952,
      "min": 1.26889480982,
      "max": 1.29183834582,
      "times": [
        1.28043462682,
        1.2720599638199999,
        1.28691249282,
        1.27772495382,
        1.28002331682,
        1.27264036082,
        1.29183834582,
        1.28882395782,
        1.27407384382,
        1.26889480982
      ],
      "exit_codes": [
        0,
        0,
        0,
        0,
        0,
        0,
        0,
        0,
        0,
        0
      ],
      "parameters": {
        "file": "twoBuses.maude"
      }
    },
    {
      "command": "maude threeBuses.maude",
      "mean": 12.59934210502,
      "stddev": 0.8393722235976172,
      "median": 12.22862804232,
      "user": 12.514573340000002,
      "system": 0.07800421999999999,
      "min": 11.99559158982,
      "max": 14.23299835182,
      "times": [
        12.25829183782,
        12.09630330182,
        12.35108556282,
        12.66286814682,
        14.23299835182,
        14.06379629782,
        12.19896424682,
        12.05411418882,
        12.07940752582,
        11.99559158982
      ],
      "exit_codes": [
        0,
        0,
        0,
        0,
        0,
        0,
        0,
        0,
        0,
        0
      ],
      "parameters": {
        "file": "threeBuses.maude"
      }
    }
  ]
}
