{
  "results": [
    {
      "command": "java -jar ./groove-5_8_1/bin/Generator.jar global.gps No_Buses",
      "mean": 1.200863616,
      "stddev": 0.012695607847318227,
      "median": 1.203748736,
      "user": 0.196875,
      "system": 0.0309375,
      "min": 1.1870165359999998,
      "max": 1.2210123359999998,
      "times": [
        1.204676036,
        1.2210123359999998,
        1.188289636,
        1.1870165359999998,
        1.2043609359999998,
        1.188854836,
        1.203833436,
        1.2191744359999999,
        1.203664036,
        1.187753936
      ],
      "exit_codes": [
        0,
        0,
        0,
        0,
        0,
        0,
        0,
        0,
        0,
        0
      ],
      "parameters": {
        "startGraph": "No_Buses"
      }
    },
    {
      "command": "java -jar ./groove-5_8_1/bin/Generator.jar global.gps B2",
      "mean": 1.6466329259999999,
      "stddev": 0.020252966309075728,
      "median": 1.6440959359999998,
      "user": 0.4078125,
      "system": 0.08249999999999999,
      "min": 1.625403436,
      "max": 1.674771236,
      "times": [
        1.630454436,
        1.660149736,
        1.673908736,
        1.625403436,
        1.6279819359999999,
        1.627961136,
        1.6293707359999998,
        1.657737436,
        1.674771236,
        1.658590436
      ],
      "exit_codes": [
        0,
        0,
        0,
        0,
        0,
        0,
        0,
        0,
        0,
        0
      ],
      "parameters": {
        "startGraph": "B2"
      }
    },
    {
      "command": "java -jar ./groove-5_8_1/bin/Generator.jar global.gps Two_B2",
      "mean": 4.0871697860000005,
      "stddev": 0.07211676071138237,
      "median": 4.059281036,
      "user": 2.5390625,
      "system": 0.22781250000000003,
      "min": 4.013757136,
      "max": 4.219775836,
      "times": [
        4.0760445359999995,
        4.013757136,
        4.031093236,
        4.167305736,
        4.172502536,
        4.057154336,
        4.044314536,
        4.219775836,
        4.028342236,
        4.061407736
      ],
      "exit_codes": [
        0,
        0,
        0,
        0,
        0,
        0,
        0,
        0,
        0,
        0
      ],
      "parameters": {
        "startGraph": "Two_B2"
      }
    },
    {
      "command": "java -jar ./groove-5_8_1/bin/Generator.jar global.gps Three_B2",
      "mean": 25.137054796,
      "stddev": 0.6993121484620743,
      "median": 24.950570986000002,
      "user": 32.8703125,
      "system": 0.8871875000000001,
      "min": 24.345411736,
      "max": 26.493730436,
      "times": [
        24.734213336,
        25.000239336,
        24.703971036000002,
        24.345411736,
        24.900902636,
        25.413046136000002,
        25.194257436,
        26.123664236,
        26.493730436,
        24.461111636000002
      ],
      "exit_codes": [
        0,
        0,
        0,
        0,
        0,
        0,
        0,
        0,
        0,
        0
      ],
      "parameters": {
        "startGraph": "Three_B2"
      }
    }
  ]
}
