{
  "results": [
    {
      "command": "java -jar ./groove-5_8_1/bin/Generator.jar global.gps No_Buses",
      "mean": 1.038447708,
      "stddev": 0.013152765969196132,
      "median": 1.034094868,
      "user": 0.20750000000000002,
      "system": 0.027281249999999996,
      "min": 1.0268471680000002,
      "max": 1.069298968,
      "times": [
        1.069298968,
        1.046347468,
        1.036333568,
        1.031856168,
        1.031762668,
        1.027744368,
        1.038686068,
        1.0478031680000002,
        1.0277974680000002,
        1.0268471680000002
      ],
      "exit_codes": [
        0,
        0,
        0,
        0,
        0,
        0,
        0,
        0,
        0,
        0
      ],
      "parameters": {
        "startGraph": "No_Buses"
      }
    },
    {
      "command": "java -jar ./groove-5_8_1/bin/Generator.jar global.gps B2",
      "mean": 1.455293228,
      "stddev": 0.01981842852275521,
      "median": 1.4528889180000002,
      "user": 0.42781249999999993,
      "system": 0.04768750000000001,
      "min": 1.429507968,
      "max": 1.5013449680000002,
      "times": [
        1.429507968,
        1.4445307680000001,
        1.442958368,
        1.440558768,
        1.458267768,
        1.4663230680000001,
        1.5013449680000002,
        1.458870268,
        1.4630602680000002,
        1.4475100680000001
      ],
      "exit_codes": [
        0,
        0,
        0,
        0,
        0,
        0,
        0,
        0,
        0,
        0
      ],
      "parameters": {
        "startGraph": "B2"
      }
    },
    {
      "command": "java -jar ./groove-5_8_1/bin/Generator.jar global.gps Two_B2",
      "mean": 3.753786698,
      "stddev": 0.03408056479028121,
      "median": 3.740565268,
      "user": 2.6840625,
      "system": 0.15218749999999998,
      "min": 3.7089171679999997,
      "max": 3.825441168,
      "times": [
        3.789260568,
        3.775422668,
        3.756222368,
        3.737762868,
        3.740791568,
        3.740338968,
        3.7089171679999997,
        3.733402468,
        3.730307168,
        3.825441168
      ],
      "exit_codes": [
        0,
        0,
        0,
        0,
        0,
        0,
        0,
        0,
        0,
        0
      ],
      "parameters": {
        "startGraph": "Two_B2"
      }
    },
    {
      "command": "java -jar ./groove-5_8_1/bin/Generator.jar global.gps Three_B2",
      "mean": 24.300915818,
      "stddev": 0.19460063539089015,
      "median": 24.244007118,
      "user": 33.293437499999996,
      "system": 0.7459374999999999,
      "min": 24.109673668,
      "max": 24.694099568,
      "times": [
        24.304679368,
        24.174027068,
        24.222052868,
        24.109673668,
        24.694099568,
        24.115887168,
        24.161171768,
        24.419081568,
        24.542523768,
        24.265961368
      ],
      "exit_codes": [
        0,
        0,
        0,
        0,
        0,
        0,
        0,
        0,
        0,
        0
      ],
      "parameters": {
        "startGraph": "Three_B2"
      }
    }
  ]
}
