{
  "results": [
    {
      "command": "java -jar ./groove-5_8_1/bin/Generator.jar global.gps No_Buses",
      "mean": 2.9488265019999997,
      "stddev": 0.2450731524230902,
      "median": 2.837190432,
      "user": 8.1671875,
      "system": 0.541875,
      "min": 2.778229332,
      "max": 3.4820323319999997,
      "times": [
        3.4820323319999997,
        2.844788332,
        2.828188032,
        2.827830532,
        3.327711332,
        2.8101885319999997,
        2.778229332,
        2.8623549319999997,
        2.829592532,
        2.897349132
      ],
      "exit_codes": [
        0,
        0,
        0,
        0,
        0,
        0,
        0,
        0,
        0,
        0
      ],
      "parameters": {
        "startGraph": "No_Buses"
      }
    },
    {
      "command": "java -jar ./groove-5_8_1/bin/Generator.jar global.gps B2",
      "mean": 4.510029032,
      "stddev": 0.08963493975546953,
      "median": 4.510734032,
      "user": 14.8875,
      "system": 0.7465625000000001,
      "min": 4.378460532,
      "max": 4.646675431999999,
      "times": [
        4.414583932,
        4.424975032,
        4.510683332,
        4.510784732,
        4.5263106319999995,
        4.475925731999999,
        4.597162332,
        4.378460532,
        4.614728632,
        4.646675431999999
      ],
      "exit_codes": [
        0,
        0,
        0,
        0,
        0,
        0,
        0,
        0,
        0,
        0
      ],
      "parameters": {
        "startGraph": "B2"
      }
    },
    {
      "command": "java -jar ./groove-5_8_1/bin/Generator.jar global.gps Two_B2",
      "mean": 11.629221912,
      "stddev": 0.22491984258198805,
      "median": 11.634748532,
      "user": 33.582812499999996,
      "system": 1.3293750000000002,
      "min": 11.160896032,
      "max": 11.978296432,
      "times": [
        11.816084432,
        11.835638732000001,
        11.477834932,
        11.624027632,
        11.645469432,
        11.533059632,
        11.978296432,
        11.569029632000001,
        11.651882232,
        11.160896032
      ],
      "exit_codes": [
        0,
        0,
        0,
        0,
        0,
        0,
        0,
        0,
        0,
        0
      ],
      "parameters": {
        "startGraph": "Two_B2"
      }
    },
    {
      "command": "java -jar ./groove-5_8_1/bin/Generator.jar global.gps Three_B2",
      "mean": 63.48729896199999,
      "stddev": 0.6548080209189161,
      "median": 63.544181382,
      "user": 134.49843750000002,
      "system": 2.6965624999999998,
      "min": 61.865284032,
      "max": 64.178619932,
      "times": [
        63.344040532,
        63.223350632,
        61.865284032,
        63.737828832,
        63.577001732,
        63.397892332,
        64.106926832,
        64.178619932,
        63.930683732,
        63.511361031999996
      ],
      "exit_codes": [
        0,
        0,
        0,
        0,
        0,
        0,
        0,
        0,
        0,
        0
      ],
      "parameters": {
        "startGraph": "Three_B2"
      }
    }
  ]
}
