{
  "results": [
    {
      "command": "java -jar ./groove-5_8_1/bin/Generator.jar global.gps No_Buses_Property_1_and_2",
      "mean": 2.8125252179999998,
      "stddev": 0.038480999856964036,
      "median": 2.8003301179999998,
      "user": 7.877187499999998,
      "system": 0.5609375000000001,
      "min": 2.762390868,
      "max": 2.878254268,
      "times": [
        2.7868640680000003,
        2.794034668,
        2.777195668,
        2.806012068,
        2.814580368,
        2.864620368,
        2.762390868,
        2.794648168,
        2.8466516680000002,
        2.878254268
      ],
      "exit_codes": [
        0,
        0,
        0,
        0,
        0,
        0,
        0,
        0,
        0,
        0
      ]
    }
  ]
}
